<?xml version="1.0"?>
<sequence version="3.00" name="Standard Server Task Sequence" description="A complete task sequence for deploying a server operating system">
  <globalVarList>
    <variable name="OSGUID" property="OSGUID">{bbe6e227-74b0-4109-a106-16a9ec23ccb0}</variable>
    <variable name="DestinationDisk" property="DestinationDisk">0</variable>
    <variable name="DestinationPartition" property="DestinationPartition">1</variable>
    <variable name="DestinationOSVariable" property="DestinationOSVariable">OSDisk</variable>
    <variable name="DestinationOSRefresh" property="DestinationOSRefresh"></variable>
    <variable name="DestinationOSDriveLetter" property="DestinationOSDriveLetter"></variable>
    <variable name="DestinationOSInstallType" property="DestinationOSInstallType">ByVariable</variable>
  </globalVarList>
  <group name="Initialization" disable="false" continueOnError="false" description="Initialize the TS environment" expand="false">
    <step type="BDD_Gather" name="Gather local only" disable="false" continueOnError="false" successCodeList="0 3010" description="" startIn="">
      <defaultVarList>
        <variable name="GatherLocalOnly" property="GatherLocalOnly">true</variable>
        <variable name="RulesFile" property="RulesFile"></variable>
      </defaultVarList>
      <action>cscript.exe "%SCRIPTROOT%\ZTIGather.wsf"</action>
    </step>
  </group>
  <group name="Validation" disable="false" continueOnError="false" description="Test" expand="false">
    <condition>
      <operator type="or">
        <expression type="SMS_TaskSequence_VariableConditionExpression">
          <variable name="Variable">PHASE</variable>
          <variable name="Operator">equals</variable>
          <variable name="Value">VALIDATION</variable>
        </expression>
      </operator>
    </condition>
    <step type="BDD_Validate" name="Validate" successCodeList="0 3010" description="" startIn="" disable="false" continueOnError="false">
      <defaultVarList>
        <variable name="ImageSize" property="ImageSize">0</variable>
        <variable name="ImageProcessorSpeed" property="ImageProcessorSpeed">800</variable>
        <variable name="ImageMemory" property="ImageMemory">512</variable>
        <variable name="VerifyOS" property="VerifyOS">SERVER</variable>
      </defaultVarList>
      <action>cscript.exe "%SCRIPTROOT%\ZTIValidate.wsf"</action>
    </step>
    <step name="Check BIOS" disable="false" continueOnError="false" successCodeList="0 3010" description="" startIn="">
      <action>cscript.exe "%SCRIPTROOT%\ZTIBIOSCheck.wsf"</action>
      <defaultVarList>
        <variable name="RunAsUser" property="RunAsUser">false</variable>
        <variable name="SMSTSRunCommandLineUserName" property="SMSTSRunCommandLineUserName"></variable>
        <variable name="SMSTSRunCommandLineUserPassword" property="SMSTSRunCommandLineUserPassword"></variable>
        <variable name="LoadProfile" property="LoadProfile">false</variable>
      </defaultVarList>
    </step>
    <step name="Next Phase" disable="false" continueOnError="false" successCodeList="0 3010" description="" startIn="">
      <action>cscript.exe "%SCRIPTROOT%\ZTINextPhase.wsf"</action>
      <defaultVarList>
        <variable name="RunAsUser" property="RunAsUser">false</variable>
        <variable name="SMSTSRunCommandLineUserName" property="SMSTSRunCommandLineUserName"></variable>
        <variable name="SMSTSRunCommandLineUserPassword" property="SMSTSRunCommandLineUserPassword"></variable>
        <variable name="LoadProfile" property="LoadProfile">false</variable>
      </defaultVarList>
    </step>
  </group>
  <group name="State Capture" description="" disable="false" continueOnError="false" expand="false">
    <condition>
      <expression type="SMS_TaskSequence_VariableConditionExpression">
        <variable name="Variable">PHASE</variable>
        <variable name="Operator">equals</variable>
        <variable name="Value">STATECAPTURE</variable>
      </expression>
    </condition>
    <step name="Capture Groups" disable="false" continueOnError="false" successCodeList="0 3010" description="" startIn="">
      <action>cscript.exe "%SCRIPTROOT%\ZTIGroups.wsf" /capture</action>
      <defaultVarList>
        <variable name="RunAsUser" property="RunAsUser">false</variable>
        <variable name="SMSTSRunCommandLineUserName" property="SMSTSRunCommandLineUserName"></variable>
        <variable name="SMSTSRunCommandLineUserPassword" property="SMSTSRunCommandLineUserPassword"></variable>
        <variable name="LoadProfile" property="LoadProfile">false</variable>
      </defaultVarList>
    </step>
    <step name="Capture Network Settings" description="" runIn="WinPEandFullOS" successCodeList="0 3010">
      <action>cscript.exe "%ScriptRoot%\ZTINicConfig.wsf"</action>
      <defaultVarList>
        <variable name="RunAsUser" property="RunAsUser">false</variable>
        <variable name="SMSTSRunCommandLineUserName" property="SMSTSRunCommandLineUserName"></variable>
        <variable name="SMSTSRunCommandLineUserPassword" property="SMSTSRunCommandLineUserPassword"></variable>
        <variable name="LoadProfile" property="LoadProfile">false</variable>
      </defaultVarList>
    </step>
    <group name="Refresh only" disable="false" continueOnError="false" description="" expand="false">
      <condition>
        <expression type="SMS_TaskSequence_VariableConditionExpression">
          <variable name="Variable">DeploymentType</variable>
          <variable name="Operator">equals</variable>
          <variable name="Value">REFRESH</variable>
        </expression>
      </condition>
      <step type="SMS_TaskSequence_RunCommandLineAction" name="Disable BDE Protectors" description="" disable="false" continueOnError="false" startIn="" successCodeList="0 3010" runIn="WinPEandFullOS">
        <defaultVarList>
          <variable name="PackageID" property="PackageID"></variable>
          <variable name="RunAsUser" property="RunAsUser">false</variable>
          <variable name="SMSTSRunCommandLineUserName" property="SMSTSRunCommandLineUserName"></variable>
          <variable name="SMSTSRunCommandLineUserPassword" property="SMSTSRunCommandLineUserPassword"></variable>
          <variable name="LoadProfile" property="LoadProfile">false</variable>
        </defaultVarList>
        <action>cscript.exe "%SCRIPTROOT%\ZTIDisableBDEProtectors.wsf"</action>
      </step>
      <step name="Apply Windows PE" disable="false" continueOnError="false" successCodeList="0 3010" description="" startIn="">
        <action>cscript.exe "%SCRIPTROOT%\LTIApply.wsf" /PE</action>
        <defaultVarList>
          <variable name="RunAsUser" property="RunAsUser">false</variable>
          <variable name="SMSTSRunCommandLineUserName" property="SMSTSRunCommandLineUserName"></variable>
          <variable name="SMSTSRunCommandLineUserPassword" property="SMSTSRunCommandLineUserPassword"></variable>
          <variable name="LoadProfile" property="LoadProfile">false</variable>
        </defaultVarList>
      </step>
    </group>
    <step name="Next Phase" disable="false" continueOnError="false" successCodeList="0 3010" description="" startIn="">
      <action>cscript.exe "%SCRIPTROOT%\ZTINextPhase.wsf"</action>
      <defaultVarList>
        <variable name="RunAsUser" property="RunAsUser">false</variable>
        <variable name="SMSTSRunCommandLineUserName" property="SMSTSRunCommandLineUserName"></variable>
        <variable name="SMSTSRunCommandLineUserPassword" property="SMSTSRunCommandLineUserPassword"></variable>
        <variable name="LoadProfile" property="LoadProfile">false</variable>
      </defaultVarList>
    </step>
    <group name="Refresh only" disable="false" continueOnError="false" expand="false" description="">
      <condition>
        <expression type="SMS_TaskSequence_VariableConditionExpression">
          <variable name="Variable">DeploymentType</variable>
          <variable name="Operator">equals</variable>
          <variable name="Value">REFRESH</variable>
        </expression>
      </condition>
      <step type="SMS_TaskSequence_RebootAction" name="Restart computer" description="" disable="false" continueOnError="false" runIn="WinPEandFullOS" successCodeList="0 3010">
        <defaultVarList>
          <variable name="Message" property="Message"></variable>
          <variable name="MessageTimeout" property="MessageTimeout">60</variable>
          <variable name="Target" property="Target"></variable>
        </defaultVarList>
        <action>smsboot.exe /target:WinPE</action>
      </step>
    </group>
  </group>
  <group name="Preinstall" disable="false" continueOnError="false" description="" expand="false">
    <condition>
      <expression type="SMS_TaskSequence_VariableConditionExpression">
        <variable name="Variable">PHASE</variable>
        <variable name="Operator">equals</variable>
        <variable name="Value">PREINSTALL</variable>
      </expression>
    </condition>
    <step type="BDD_Gather" name="Gather local only" disable="false" continueOnError="false" successCodeList="0 3010" description="" startIn="">
      <defaultVarList>
        <variable name="GatherLocalOnly" property="GatherLocalOnly">true</variable>
        <variable name="RulesFile" property="RulesFile"></variable>
      </defaultVarList>
      <action>cscript.exe "%SCRIPTROOT%\ZTIGather.wsf"</action>
    </step>
    <group name="New Computer only" disable="false" continueOnError="false" description="" expand="false">
      <condition>
        <expression type="SMS_TaskSequence_VariableConditionExpression">
          <variable name="Variable">DeploymentType</variable>
          <variable name="Operator">equals</variable>
          <variable name="Value">NEWCOMPUTER</variable>
        </expression>
      </condition>
      <step type="BDD_Validate" name="Validate" disable="false" continueOnError="false" successCodeList="0 3010" description="" startIn="">
        <defaultVarList>
          <variable name="ImageSize" property="ImageSize">0</variable>
          <variable name="ImageProcessorSpeed" property="ImageProcessorSpeed">800</variable>
          <variable name="ImageMemory" property="ImageMemory">512</variable>
          <variable name="VerifyOS" property="VerifyOS">SERVER</variable>
        </defaultVarList>
        <action>cscript.exe "%SCRIPTROOT%\ZTIValidate.wsf"</action>
      </step>
      <step type="SMS_TaskSequence_PartitionDiskAction" name="Format and Partition Disk" description="" disable="false" continueOnError="false" runIn="WinPEandFullOS" successCodeList="0 3010">
        <defaultVarList>
          <variable name="OSDDiskIndex" property="DiskIndex">0</variable>
          <variable name="DONotCreateExtraPartition" property="DONotCreateExtraPartition"></variable>
          <variable name="OSDPartitions0Type" property="Partitions0Type">Primary</variable>
          <variable name="OSDPartitions0FileSystem" property="Partitions0FileSystem">NTFS</variable>
          <variable name="OSDPartitions0Bootable" property="Partitions0Bootable">True</variable>
          <variable name="OSDPartitions0QuickFormat" property="Partitions0QuickFormat">True</variable>
          <variable name="OSDPartitions0VolumeName" property="Partitions0VolumeName">System</variable>
          <variable name="OSDPartitions0Size" property="Partitions0Size">100</variable>
          <variable name="OSDPartitions0SizeUnits" property="Partitions0SizeUnits">%</variable>
          <variable name="OSDPartitions0VolumeLetterVariable" property="Partitions0VolumeLetterVariable">OSDisk</variable>
          <variable name="OSDPartitions" property="Partitions">1</variable>
          <variable name="OSDPartitionStyle" property="PartitionStyle">MBR</variable>
        </defaultVarList>
        <action>cscript.exe "%SCRIPTROOT%\ZTIDiskpart.wsf"</action>
      </step>
      <step name="Copy scripts" disable="false" continueOnError="false" successCodeList="0 3010" description="" startIn="">
        <action>cscript.exe "%SCRIPTROOT%\LTICopyScripts.wsf"</action>
        <defaultVarList>
          <variable name="RunAsUser" property="RunAsUser">false</variable>
          <variable name="SMSTSRunCommandLineUserName" property="SMSTSRunCommandLineUserName"></variable>
          <variable name="SMSTSRunCommandLineUserPassword" property="SMSTSRunCommandLineUserPassword"></variable>
          <variable name="LoadProfile" property="LoadProfile">false</variable>
        </defaultVarList>
      </step>
    </group>
    <group name="Refresh only" disable="false" continueOnError="false" description="" expand="false">
      <condition>
        <expression type="SMS_TaskSequence_VariableConditionExpression">
          <variable name="Variable">DeploymentType</variable>
          <variable name="Operator">equals</variable>
          <variable name="Value">REFRESH</variable>
        </expression>
      </condition>
      <step name="Backup" disable="false" continueOnError="false" successCodeList="0 3010" description="" startIn="">
        <action>cscript.exe "%SCRIPTROOT%\ZTIBackup.wsf"</action>
        <defaultVarList>
          <variable name="RunAsUser" property="RunAsUser">false</variable>
          <variable name="SMSTSRunCommandLineUserName" property="SMSTSRunCommandLineUserName"></variable>
          <variable name="SMSTSRunCommandLineUserPassword" property="SMSTSRunCommandLineUserPassword"></variable>
          <variable name="LoadProfile" property="LoadProfile">false</variable>
        </defaultVarList>
      </step>
    </group>
    <step name="Configure" disable="false" continueOnError="false" successCodeList="0 3010" description="" startIn="">
      <action>cscript.exe "%SCRIPTROOT%\ZTIConfigure.wsf"</action>
      <defaultVarList>
        <variable name="RunAsUser" property="RunAsUser">false</variable>
        <variable name="SMSTSRunCommandLineUserName" property="SMSTSRunCommandLineUserName"></variable>
        <variable name="SMSTSRunCommandLineUserPassword" property="SMSTSRunCommandLineUserPassword"></variable>
        <variable name="LoadProfile" property="LoadProfile">false</variable>
      </defaultVarList>
    </step>
    <step type="BDD_InjectDrivers" name="Inject Drivers" description="" disable="true" continueOnError="false" runIn="WinPEandFullOS" successCodeList="0 3010">
      <defaultVarList>
        <variable name="DriverSelectionProfile" property="DriverSelectionProfile">All Drivers</variable>
        <variable name="DriverInjectionMode" property="DriverInjectionMode">AUTO</variable>
      </defaultVarList>
      <action>cscript.exe "%SCRIPTROOT%\ZTIDrivers.wsf"</action>
    </step>
    <step type="BDD_InstallUpdatesOffline" name="Apply Patches" disable="false" continueOnError="false" successCodeList="0 3010" description="Requires custom Selection Profile 'Windows Server 2008 R2 RDS updates'" startIn="">
      <action>cscript.exe "%SCRIPTROOT%\ZTIPatches.wsf"</action>
      <defaultVarList>
        <variable name="PackageSelectionProfile" property="PackageSelectionProfile">Windows Server 2008 R2 RDS updates</variable>
      </defaultVarList>
    </step>
    <step name="Next Phase" disable="false" continueOnError="false" successCodeList="0 3010" description="" startIn="">
      <action>cscript.exe "%SCRIPTROOT%\ZTINextPhase.wsf"</action>
      <defaultVarList>
        <variable name="RunAsUser" property="RunAsUser">false</variable>
        <variable name="SMSTSRunCommandLineUserName" property="SMSTSRunCommandLineUserName"></variable>
        <variable name="SMSTSRunCommandLineUserPassword" property="SMSTSRunCommandLineUserPassword"></variable>
        <variable name="LoadProfile" property="LoadProfile">false</variable>
      </defaultVarList>
    </step>
  </group>
  <group name="Install" disable="false" continueOnError="false" description="" expand="false">
    <condition>
      <expression type="SMS_TaskSequence_VariableConditionExpression">
        <variable name="Variable">PHASE</variable>
        <variable name="Operator">equals</variable>
        <variable name="Value">INSTALL</variable>
      </expression>
    </condition>
    <step type="BDD_InstallOS" name="Install Operating System" description="" disable="false" continueOnError="false" runIn="WinPEandFullOS" successCodeList="0 3010">
      <defaultVarList>
        <variable name="OSGUID" property="OSGUID">{bbe6e227-74b0-4109-a106-16a9ec23ccb0}</variable>
        <variable name="DestinationDisk" property="DestinationDisk">0</variable>
        <variable name="DestinationPartition" property="DestinationPartition">1</variable>
        <variable name="DestinationOSDriveLetter" property="DestinationOSDriveLetter"></variable>
        <variable name="DestinationOSVariable" property="DestinationOSVariable">OSDisk</variable>
        <variable name="DestinationOSRefresh" property="DestinationOSRefresh"></variable>
        <variable name="DestinationOSInstallType" property="DestinationOSInstallType">ByVariable</variable>
      </defaultVarList>
      <action>cscript.exe "%SCRIPTROOT%\LTIApply.wsf"</action>
    </step>
    <step name="Next Phase" disable="false" continueOnError="false" successCodeList="0 3010" description="" startIn="">
      <action>cscript.exe "%SCRIPTROOT%\ZTINextPhase.wsf"</action>
      <defaultVarList>
        <variable name="RunAsUser" property="RunAsUser">false</variable>
        <variable name="SMSTSRunCommandLineUserName" property="SMSTSRunCommandLineUserName"></variable>
        <variable name="SMSTSRunCommandLineUserPassword" property="SMSTSRunCommandLineUserPassword"></variable>
        <variable name="LoadProfile" property="LoadProfile">false</variable>
      </defaultVarList>
    </step>
  </group>
  <group name="Postinstall" disable="false" continueOnError="false" description="" expand="false">
    <condition>
      <expression type="SMS_TaskSequence_VariableConditionExpression">
        <variable name="Variable">PHASE</variable>
        <variable name="Operator">equals</variable>
        <variable name="Value">POSTINSTALL</variable>
      </expression>
    </condition>
    <step name="Copy Scripts" disable="false" continueOnError="false" successCodeList="0 3010" description="" startIn="">
      <action>cscript.exe "%SCRIPTROOT%\LTICopyScripts.wsf"</action>
      <defaultVarList>
        <variable name="RunAsUser" property="RunAsUser">false</variable>
        <variable name="SMSTSRunCommandLineUserName" property="SMSTSRunCommandLineUserName"></variable>
        <variable name="SMSTSRunCommandLineUserPassword" property="SMSTSRunCommandLineUserPassword"></variable>
        <variable name="LoadProfile" property="LoadProfile">false</variable>
      </defaultVarList>
    </step>
    <step name="Configure" disable="false" continueOnError="false" successCodeList="0 3010" description="" startIn="">
      <action>cscript.exe "%SCRIPTROOT%\ZTIConfigure.wsf"</action>
      <defaultVarList>
        <variable name="RunAsUser" property="RunAsUser">false</variable>
        <variable name="SMSTSRunCommandLineUserName" property="SMSTSRunCommandLineUserName"></variable>
        <variable name="SMSTSRunCommandLineUserPassword" property="SMSTSRunCommandLineUserPassword"></variable>
        <variable name="LoadProfile" property="LoadProfile">false</variable>
      </defaultVarList>
    </step>
    <step name="Inject Drivers" disable="false" continueOnError="false" successCodeList="0 3010" description="" startIn="">
      <action>cscript.exe "%SCRIPTROOT%\ZTIdrivers.wsf"</action>
      <defaultVarList>
        <variable name="RunAsUser" property="RunAsUser">false</variable>
        <variable name="SMSTSRunCommandLineUserName" property="SMSTSRunCommandLineUserName"></variable>
        <variable name="SMSTSRunCommandLineUserPassword" property="SMSTSRunCommandLineUserPassword"></variable>
        <variable name="LoadProfile" property="LoadProfile">false</variable>
      </defaultVarList>
    </step>
    <step type="SMS_TaskSequence_RunCommandLineAction" name="Add Windows Recovery (WinRE)" description="" disable="false" continueOnError="false" startIn="" successCodeList="0 3010" runIn="WinPEandFullOS">
      <action>cscript.exe "%SCRIPTROOT%\ZTIWinRE.wsf"</action>
      <defaultVarList>
        <variable name="RunAsUser" property="RunAsUser">false</variable>
        <variable name="SMSTSRunCommandLineUserName" property="SMSTSRunCommandLineUserName"></variable>
        <variable name="SMSTSRunCommandLineUserPassword" property="SMSTSRunCommandLineUserPassword"></variable>
        <variable name="LoadProfile" property="LoadProfile">false</variable>
      </defaultVarList>
    </step>
    <step name="Next Phase" disable="false" continueOnError="false" successCodeList="0 3010" description="" startIn="">
      <action>cscript.exe "%SCRIPTROOT%\ZTINextPhase.wsf"</action>
      <defaultVarList>
        <variable name="RunAsUser" property="RunAsUser">false</variable>
        <variable name="SMSTSRunCommandLineUserName" property="SMSTSRunCommandLineUserName"></variable>
        <variable name="SMSTSRunCommandLineUserPassword" property="SMSTSRunCommandLineUserPassword"></variable>
        <variable name="LoadProfile" property="LoadProfile">false</variable>
      </defaultVarList>
    </step>
    <step type="SMS_TaskSequence_RebootAction" name="Restart computer" description="" disable="false" continueOnError="false" runIn="WinPEandFullOS" successCodeList="0 3010">
      <defaultVarList>
        <variable name="Message" property="Message"></variable>
        <variable name="MessageTimeout" property="MessageTimeout">60</variable>
        <variable name="Target" property="Target"></variable>
      </defaultVarList>
      <action>smsboot.exe /target:WinPE</action>
    </step>
  </group>
  <group name="State Restore" disable="false" continueOnError="false" description="" expand="true">
    <condition>
      <expression type="SMS_TaskSequence_VariableConditionExpression">
        <variable name="Variable">PHASE</variable>
        <variable name="Operator">equals</variable>
        <variable name="Value">STATERESTORE</variable>
      </expression>
    </condition>
    <step type="BDD_Gather" name="Gather local only" disable="false" continueOnError="false" successCodeList="0 3010" description="" startIn="">
      <defaultVarList>
        <variable name="GatherLocalOnly" property="GatherLocalOnly">true</variable>
        <variable name="RulesFile" property="RulesFile"></variable>
      </defaultVarList>
      <action>cscript.exe "%SCRIPTROOT%\ZTIGather.wsf"</action>
    </step>
    <step name="Post-Apply Cleanup" disable="false" continueOnError="false" successCodeList="0" description="" startIn="" successCodes="0 3010">
      <action>cscript.exe "%SCRIPTROOT%\LTIApply.wsf" /post</action>
      <defaultVarList>
        <variable name="RunAsUser" property="RunAsUser">false</variable>
        <variable name="SMSTSRunCommandLineUserName" property="SMSTSRunCommandLineUserName"></variable>
        <variable name="SMSTSRunCommandLineUserPassword" property="SMSTSRunCommandLineUserPassword"></variable>
        <variable name="LoadProfile" property="LoadProfile">false</variable>
      </defaultVarList>
    </step>
    <step type="BDD_RecoverDomainJoin" name="Recover From Domain " description="" disable="false" continueOnError="false" runIn="WinPEandFullOS" successCodeList="0 3010">
      <defaultVarList>
        <variable name="DomainErrorRecovery" property="DomainErrorRecovery">Auto</variable>
      </defaultVarList>
      <action>cscript.exe "%SCRIPTROOT%\ZTIDomainJoin.wsf" </action>
    </step>
    <step name="Tattoo" disable="false" continueOnError="true" successCodeList="0 3010" description="" startIn="">
      <action>cscript.exe "%SCRIPTROOT%\ZTITatoo.wsf"</action>
      <defaultVarList>
        <variable name="RunAsUser" property="RunAsUser">false</variable>
        <variable name="SMSTSRunCommandLineUserName" property="SMSTSRunCommandLineUserName"></variable>
        <variable name="SMSTSRunCommandLineUserPassword" property="SMSTSRunCommandLineUserPassword"></variable>
        <variable name="LoadProfile" property="LoadProfile">false</variable>
      </defaultVarList>
    </step>
    <group expand="true" name="Custom Build Tasks" description="Custom tasks added to the default task sequence" disable="false" continueOnError="false">
      <step name="Windows Update (Pre-Application Installation)" disable="false" continueOnError="true" successCodeList="0 3010" description="" startIn="">
        <action>cscript.exe "%SCRIPTROOT%\ZTIWindowsUpdate.wsf"</action>
        <defaultVarList>
          <variable name="RunAsUser" property="RunAsUser">false</variable>
          <variable name="SMSTSRunCommandLineUserName" property="SMSTSRunCommandLineUserName"></variable>
          <variable name="SMSTSRunCommandLineUserPassword" property="SMSTSRunCommandLineUserPassword"></variable>
          <variable name="LoadProfile" property="LoadProfile">false</variable>
        </defaultVarList>
        <condition>
          <operator type="and">
            <expression type="SMS_TaskSequence_VariableConditionExpression">
              <variable name="Variable">WindowsUpdate</variable>
              <variable name="Operator">equals</variable>
              <variable name="Value">TRUE</variable>
            </expression>
          </operator>
        </condition>
      </step>
      <group expand="true" name="Hypervisor tools" description="" disable="false" continueOnError="false">
        <group expand="true" name="vSphere Virtual Machines" description="Filter for vSphere" disable="false" continueOnError="false">
          <action />
          <condition>
            <operator type="and">
              <expression type="SMS_TaskSequence_VariableConditionExpression">
                <variable name="Variable">VMPlatform</variable>
                <variable name="Operator">equals</variable>
                <variable name="Value">VMware</variable>
              </expression>
            </operator>
          </condition>
          <step type="BDD_InstallApplication" name="VMware Tools" description="VMware Tools application bundle with x86 and x64 as dependencies" disable="false" continueOnError="false" runIn="WinPEandFullOS" successCodeList="0 3010">
            <defaultVarList>
              <variable name="ApplicationGUID" property="ApplicationGUID">{178c5e4b-62dc-4cc8-bbdf-c3d8fa8d1436}</variable>
              <variable name="ApplicationSuccessCodes" property="ApplicationSuccessCodes">0 3010</variable>
            </defaultVarList>
            <action>cscript.exe "%SCRIPTROOT%\ZTIApplications.wsf"</action>
          </step>
        </group>
        <group expand="true" name="XenServer Virtual Machines" description="Filter for XenServer" disable="false" continueOnError="false">
          <action />
          <condition>
            <operator type="and">
              <expression type="SMS_TaskSequence_VariableConditionExpression">
                <variable name="Variable">VMPlatform</variable>
                <variable name="Operator">equals</variable>
                <variable name="Value">Xen</variable>
              </expression>
            </operator>
          </condition>
          <step type="BDD_InstallApplication" name="Citrix Tools for Virtual Machines" description="Xen Tools application bundle with x86 and x64 as dependencies" disable="false" continueOnError="false" runIn="WinPEandFullOS" successCodeList="0 3010">
            <defaultVarList>
              <variable name="ApplicationGUID" property="ApplicationGUID">{d29e236a-6135-43bd-9c55-351f577e0448}</variable>
              <variable name="ApplicationSuccessCodes" property="ApplicationSuccessCodes">0 3010</variable>
            </defaultVarList>
            <action>cscript.exe "%SCRIPTROOT%\ZTIApplications.wsf"</action>
          </step>
        </group>
        <group expand="true" name="Hyper-V Virtual Machines" description="Filter for Hyper-V" disable="false" continueOnError="false">
          <action />
          <condition>
            <operator type="or">
              <expression type="SMS_TaskSequence_VariableConditionExpression">
                <variable name="Variable">VMPlatform</variable>
                <variable name="Operator">equals</variable>
                <variable name="Value">Hyper-V</variable>
              </expression>
            </operator>
          </condition>
          <step type="BDD_InstallApplication" name="Hyper-V Integration Services" description="" disable="false" continueOnError="false" runIn="WinPEandFullOS" successCodeList="0 3010">
            <defaultVarList>
              <variable name="ApplicationGUID" property="ApplicationGUID">{9a32978e-95ca-450a-afeb-62a6d901862f}</variable>
              <variable name="ApplicationSuccessCodes" property="ApplicationSuccessCodes">0 3010</variable>
            </defaultVarList>
            <action>cscript.exe "%SCRIPTROOT%\ZTIApplications.wsf"</action>
          </step>
        </group>
        <action />
      </group>
      <group expand="true" name="Applications" description="" disable="false" continueOnError="false">
        <action />
        <condition />
        <step type="BDD_InstallApplication" name="Dependencies &amp; Runtimes (bundle)" description="Application bundle with .NET Framework, Visual C++ Redistributables, JRE etc as dependencies" disable="false" continueOnError="false" runIn="WinPEandFullOS" successCodeList="0 3010">
          <defaultVarList>
            <variable name="ApplicationGUID" property="ApplicationGUID">{52841fac-95c1-4ff3-928c-6fbf3b08c07b}</variable>
            <variable name="ApplicationSuccessCodes" property="ApplicationSuccessCodes">0 3010</variable>
          </defaultVarList>
          <action>cscript.exe "%SCRIPTROOT%\ZTIApplications.wsf"</action>
        </step>
        <step type="SMS_TaskSequence_RebootAction" name="Restart computer" description="" disable="false" continueOnError="false" runIn="WinPEandFullOS" successCodeList="0 3010">
          <defaultVarList>
            <variable name="SMSRebootMessage" property="Message"></variable>
            <variable name="SMSRebootTimeout" property="MessageTimeout">60</variable>
            <variable name="SMSRebootTarget" property="Target"></variable>
          </defaultVarList>
          <action>smsboot.exe /target:WinPE</action>
        </step>
        <group expand="true" name="Citrix XenApp" description="Filters on custom property XenAppRole defined in CustomSettings.ini" disable="false" continueOnError="false">
          <action />
          <step type="BDD_InstallApplication" name="Citrix XenApp Controller 6.5" description="Deploy XenApp Controller where task sequence variable XenAppRole=Controller" disable="false" continueOnError="false" runIn="WinPEandFullOS" successCodeList="0 3010">
            <defaultVarList>
              <variable name="ApplicationGUID" property="ApplicationGUID">{a8b7a1a5-cc55-4076-85fd-b4907cbd5ad9}</variable>
              <variable name="ApplicationSuccessCodes" property="ApplicationSuccessCodes">0 3010</variable>
            </defaultVarList>
            <action>cscript.exe "%SCRIPTROOT%\ZTIApplications.wsf"</action>
            <condition>
              <operator type="and">
                <expression type="SMS_TaskSequence_VariableConditionExpression">
                  <variable name="Variable">XenAppRole</variable>
                  <variable name="Operator">equals</variable>
                  <variable name="Value">CONTROLLER</variable>
                </expression>
              </operator>
            </condition>
          </step>
          <step type="BDD_InstallApplication" name="Citrix XenApp Worker 6.5" description="Deploy XenApp Worker where task sequence variable XenAppRole=Worker" disable="false" continueOnError="false" runIn="WinPEandFullOS" successCodeList="0 3010">
            <defaultVarList>
              <variable name="ApplicationGUID" property="ApplicationGUID">{0c64a7f0-a81e-47c4-8184-00b120730cb8}</variable>
              <variable name="ApplicationSuccessCodes" property="ApplicationSuccessCodes">0 3010</variable>
            </defaultVarList>
            <action>cscript.exe "%SCRIPTROOT%\ZTIApplications.wsf"</action>
            <condition>
              <operator type="and">
                <expression type="SMS_TaskSequence_VariableConditionExpression">
                  <variable name="Variable">XenAppRole</variable>
                  <variable name="Operator">equals</variable>
                  <variable name="Value">WORKER</variable>
                </expression>
              </operator>
            </condition>
          </step>
          <step type="SMS_TaskSequence_RebootAction" name="Restart computer" description="" disable="false" continueOnError="false" runIn="WinPEandFullOS" successCodeList="0 3010">
            <defaultVarList>
              <variable name="SMSRebootMessage" property="Message"></variable>
              <variable name="SMSRebootTimeout" property="MessageTimeout">60</variable>
              <variable name="SMSRebootTarget" property="Target"></variable>
            </defaultVarList>
            <action>smsboot.exe /target:WinPE</action>
          </step>
          <step type="BDD_InstallApplication" name="Citrix XenApp 6.5 Hotfixes" description="Update XenApp with various hotfixes, rollups and other updates" disable="false" continueOnError="false" runIn="WinPEandFullOS" successCodeList="0 3010">
            <defaultVarList>
              <variable name="ApplicationGUID" property="ApplicationGUID">{d7a3f921-18bf-4101-bc75-2a47d5801a3c}</variable>
              <variable name="ApplicationSuccessCodes" property="ApplicationSuccessCodes">0 3010</variable>
            </defaultVarList>
            <action>cscript.exe "%SCRIPTROOT%\ZTIApplications.wsf"</action>
          </step>
          <step type="SMS_TaskSequence_RebootAction" name="Restart computer" description="" disable="false" continueOnError="false" runIn="WinPEandFullOS" successCodeList="0 3010">
            <defaultVarList>
              <variable name="SMSRebootMessage" property="Message"></variable>
              <variable name="SMSRebootTimeout" property="MessageTimeout">60</variable>
              <variable name="SMSRebootTarget" property="Target"></variable>
            </defaultVarList>
            <action>smsboot.exe /target:WinPE</action>
          </step>
          <step type="BDD_InstallApplication" name="Citrix Receiver Enterprise" description="Update to the latest Receiver" disable="false" continueOnError="false" runIn="WinPEandFullOS" successCodeList="0 3010">
            <defaultVarList>
              <variable name="ApplicationGUID" property="ApplicationGUID">{b154a386-c963-4ad9-a8a3-e00c3c463d2c}</variable>
              <variable name="ApplicationSuccessCodes" property="ApplicationSuccessCodes">0 3010</variable>
            </defaultVarList>
            <action>cscript.exe "%SCRIPTROOT%\ZTIApplications.wsf"</action>
          </step>
          <step type="BDD_InstallApplication" name="Citrix Offline Plugin" description="Update to the latest Offline Plugin" disable="false" continueOnError="false" runIn="WinPEandFullOS" successCodeList="0 3010">
            <defaultVarList>
              <variable name="ApplicationGUID" property="ApplicationGUID">{c153d566-08c0-4dc5-bd15-a34fef5fe71b}</variable>
              <variable name="ApplicationSuccessCodes" property="ApplicationSuccessCodes">0 3010</variable>
            </defaultVarList>
            <action>cscript.exe "%SCRIPTROOT%\ZTIApplications.wsf"</action>
          </step>
          <step type="BDD_InstallApplication" name="Citrix HDX Monitor" description="Install HDX Monitor as a system testing and troubleshooting tool" disable="false" continueOnError="false" runIn="WinPEandFullOS" successCodeList="0 3010">
            <defaultVarList>
              <variable name="ApplicationGUID" property="ApplicationGUID">{8f156808-60c7-4b98-9a26-da311579aa2b}</variable>
              <variable name="ApplicationSuccessCodes" property="ApplicationSuccessCodes">0 3010</variable>
            </defaultVarList>
            <action>cscript.exe "%SCRIPTROOT%\ZTIApplications.wsf"</action>
          </step>
          <condition>
            <operator type="and">
              <expression type="SMS_TaskSequence_VariableConditionExpression">
                <variable name="Variable">XenAppRole</variable>
                <variable name="Operator">exists</variable>
                <variable name="Value"></variable>
              </expression>
            </operator>
          </condition>
        </group>
        <step type="BDD_InstallApplication" name="RDSH Applications (bundle)" description="Application bundle with core apps deployed to a RDSH server. Remove filter on Options tab if XenApp Controllers will also host applications" disable="false" continueOnError="false" runIn="WinPEandFullOS" successCodeList="0 3010">
          <defaultVarList>
            <variable name="ApplicationGUID" property="ApplicationGUID">{8798922d-937b-43b2-909d-9b1eadcf17f5}</variable>
            <variable name="ApplicationSuccessCodes" property="ApplicationSuccessCodes">0 3010</variable>
          </defaultVarList>
          <action>cscript.exe "%SCRIPTROOT%\ZTIApplications.wsf"</action>
          <condition>
            <operator type="and">
              <expression type="SMS_TaskSequence_VariableConditionExpression">
                <variable name="Variable">XenAppRole</variable>
                <variable name="Operator">notEquals</variable>
                <variable name="Value">CONTROLLER</variable>
              </expression>
            </operator>
          </condition>
        </step>
        <step type="BDD_InstallApplication" name="Install Additional Applications" disable="false" continueOnError="false" successCodeList="0 3010" description="Additional applications chosen via the Deployment Wizard" startIn="">
          <action>cscript.exe "%SCRIPTROOT%\ZTIApplications.wsf"</action>
          <defaultVarList>
            <variable name="ApplicationGUID" property="ApplicationGUID"></variable>
            <variable name="ApplicationSuccessCodes" property="ApplicationSuccessCodes">0 3010</variable>
          </defaultVarList>
        </step>
        <step type="SMS_TaskSequence_RebootAction" name="Restart computer" description="" disable="false" continueOnError="false" runIn="WinPEandFullOS" successCodeList="0 3010">
          <defaultVarList>
            <variable name="SMSRebootMessage" property="Message"></variable>
            <variable name="SMSRebootTimeout" property="MessageTimeout">60</variable>
            <variable name="SMSRebootTarget" property="Target"></variable>
          </defaultVarList>
          <action>smsboot.exe /target:WinPE</action>
        </step>
      </group>
      <action />
      <step name="Windows Update (Post-Application Installation)" disable="false" continueOnError="true" successCodeList="0 3010" description="" startIn="">
        <action>cscript.exe "%SCRIPTROOT%\ZTIWindowsUpdate.wsf"</action>
        <defaultVarList>
          <variable name="RunAsUser" property="RunAsUser">false</variable>
          <variable name="SMSTSRunCommandLineUserName" property="SMSTSRunCommandLineUserName"></variable>
          <variable name="SMSTSRunCommandLineUserPassword" property="SMSTSRunCommandLineUserPassword"></variable>
          <variable name="LoadProfile" property="LoadProfile">false</variable>
        </defaultVarList>
        <condition>
          <operator type="and">
            <expression type="SMS_TaskSequence_VariableConditionExpression">
              <variable name="Variable">WindowsUpdate</variable>
              <variable name="Operator">equals</variable>
              <variable name="Value">TRUE</variable>
            </expression>
          </operator>
        </condition>
      </step>
      <step type="SMS_TaskSequence_RebootAction" name="Restart computer" description="" disable="false" continueOnError="false" runIn="WinPEandFullOS" successCodeList="0 3010">
        <defaultVarList>
          <variable name="SMSRebootMessage" property="Message" />
          <variable name="SMSRebootTimeout" property="MessageTimeout">60</variable>
          <variable name="SMSRebootTarget" property="Target" />
        </defaultVarList>
        <action>smsboot.exe /target:WinPE</action>
      </step>
      <group expand="true" name="Finalise Custom Tasks" description="" disable="false" continueOnError="false">
        <action />
        <group expand="true" name="Prep PVS Master" description="Prep and capture end-point as a PVS image" disable="false" continueOnError="false">
          <action />
          <step type="BDD_InstallApplication" name="Citrix EdgeSight for XenApp 6 Agent" description="Update to the latest EdgeSight agent" disable="false" continueOnError="false" runIn="WinPEandFullOS" successCodeList="0 3010">
            <defaultVarList>
              <variable name="ApplicationGUID" property="ApplicationGUID">{acbc13db-64dc-4974-8d6f-f617f3510155}</variable>
              <variable name="ApplicationSuccessCodes" property="ApplicationSuccessCodes">0 3010</variable>
            </defaultVarList>
            <action>cscript.exe "%SCRIPTROOT%\ZTIApplications.wsf"</action>
          </step>
          <step type="BDD_InstallApplication" name="Citrix Provisioning Services Device Target" description="Update to the latest PVS Device Target software" disable="false" continueOnError="false" runIn="WinPEandFullOS" successCodeList="0 3010">
            <defaultVarList>
              <variable name="ApplicationGUID" property="ApplicationGUID">{30e7fadf-9df9-4304-82e4-a956f33d50fe}</variable>
              <variable name="ApplicationSuccessCodes" property="ApplicationSuccessCodes">0 3010</variable>
            </defaultVarList>
            <action>cscript.exe "%SCRIPTROOT%\ZTIApplications.wsf"</action>
            <condition></condition>
          </step>
          <step type="BDD_InstallApplication" name="Citrix XenConvert" description="Install the latest XenConvert to enable automating the capture process" disable="false" continueOnError="false" runIn="WinPEandFullOS" successCodeList="0 3010">
            <defaultVarList>
              <variable name="ApplicationGUID" property="ApplicationGUID">{0a097c8e-5b22-4423-bf6d-ae660f3feaa7}</variable>
              <variable name="ApplicationSuccessCodes" property="ApplicationSuccessCodes">0 3010</variable>
            </defaultVarList>
            <action>cscript.exe "%SCRIPTROOT%\ZTIApplications.wsf"</action>
            <condition></condition>
          </step>
          <condition>
            <operator type="and">
              <expression type="SMS_TaskSequence_VariableConditionExpression">
                <variable name="Variable">PVSTemplate</variable>
                <variable name="Operator">equals</variable>
                <variable name="Value">TRUE</variable>
              </expression>
            </operator>
          </condition>
          <step type="BDD_InstallApplication" name="Convert XenApp PVS Image" description="Configure the image and convert to a PVS vDisk" disable="false" continueOnError="false" runIn="WinPEandFullOS" successCodeList="0 3010">
            <defaultVarList>
              <variable name="ApplicationGUID" property="ApplicationGUID">{90cc61f5-218a-44d4-85f0-bf0b09ca4f2b}</variable>
              <variable name="ApplicationSuccessCodes" property="ApplicationSuccessCodes">0 3010</variable>
            </defaultVarList>
            <action>cscript.exe "%SCRIPTROOT%\ZTIApplications.wsf"</action>
            <condition></condition>
          </step>
        </group>
      </group>
    </group>
    <step name="Opt In to CEIP and WER" disable="false" continueOnError="true" successCodeList="0 3010" description="Disable this step in a production environment if required" startIn="">
      <action>cscript.exe "%SCRIPTROOT%\ZTIOptIn.wsf" /CEIP:YES /WER:YES</action>
      <defaultVarList>
        <variable name="RunAsUser" property="RunAsUser">false</variable>
        <variable name="SMSTSRunCommandLineUserName" property="SMSTSRunCommandLineUserName"></variable>
        <variable name="SMSTSRunCommandLineUserPassword" property="SMSTSRunCommandLineUserPassword"></variable>
        <variable name="LoadProfile" property="LoadProfile">false</variable>
      </defaultVarList>
    </step>
    <step type="SMS_TaskSequence_EnableBitLockerAction" name="Enable BitLocker" continueOnError="true" successCodeList="0 3010" description="" startIn="">
      <action>cscript.exe "%SCRIPTROOT%\ZTIBde.wsf"</action>
      <condition>
        <expression type="SMS_TaskSequence_VariableConditionExpression">
          <variable name="Variable">BdeInstallSuppress</variable>
          <variable name="Operator">notEquals</variable>
          <variable name="Value">YES</variable>
        </expression>
      </condition>
      <defaultVarList>
        <variable name="OSDBitLockerTargetDrive" property="BdeTargetDriveLetter"></variable>
        <variable name="OSDBitLockerMode" property="BdeInstall">TPM</variable>
        <variable name="OSDBitLockerStartupKeyDrive" property="BdeKeyLocation"></variable>
        <variable name="OSDBitLockerCreateRecoveryPassword" property="BdeRecoveryPassword">AD</variable>
        <variable name="OSDBitLockerWaitForEncryption" property="WaitForEncryption">false</variable>
      </defaultVarList>
    </step>
    <step name="Restore Groups" disable="false" continueOnError="false" successCodeList="0 3010" description="" startIn="">
      <action>cscript.exe "%SCRIPTROOT%\ZTIGroups.wsf" /restore</action>
      <defaultVarList>
        <variable name="RunAsUser" property="RunAsUser">false</variable>
        <variable name="SMSTSRunCommandLineUserName" property="SMSTSRunCommandLineUserName"></variable>
        <variable name="SMSTSRunCommandLineUserPassword" property="SMSTSRunCommandLineUserPassword"></variable>
        <variable name="LoadProfile" property="LoadProfile">false</variable>
      </defaultVarList>
    </step>
    <step name="Apply Local GPO Package" description="" disable="false" continueOnError="false" startIn="" successCodeList="0 3010">
      <action>cscript.exe "%SCRIPTROOT%\ZTIApplyGPOPack.wsf"</action>
      <condition>
        <expression type="SMS_TaskSequence_VariableConditionExpression">
          <variable name="Variable">ApplyGPOPack</variable>
          <variable name="Operator">notEquals</variable>
          <variable name="Value">NO</variable>
        </expression>
      </condition>
      <defaultVarList>
        <variable name="RunAsUser" property="RunAsUser">false</variable>
        <variable name="SMSTSRunCommandLineUserName" property="SMSTSRunCommandLineUserName"></variable>
        <variable name="SMSTSRunCommandLineUserPassword" property="SMSTSRunCommandLineUserPassword"></variable>
        <variable name="LoadProfile" property="LoadProfile">false</variable>
      </defaultVarList>
    </step>
    <group expand="false" name="Imaging" description="" disable="false" continueOnError="false">
      <action />
      <group name="Prepare Only" disable="false" continueOnError="false" expand="false" description="">
        <condition>
          <expression type="SMS_TaskSequence_VariableConditionExpression">
            <variable name="Variable">DoCapture</variable>
            <variable name="Operator">equals</variable>
            <variable name="Value">PREPARE</variable>
          </expression>
        </condition>
        <step name="Copy Sysprep files" disable="false" continueOnError="false" successCodeList="0 3010" description="" startIn="">
          <action>cscript.exe "%SCRIPTROOT%\LTISysprep.wsf"</action>
          <defaultVarList>
            <variable name="RunAsUser" property="RunAsUser">false</variable>
            <variable name="SMSTSRunCommandLineUserName" property="SMSTSRunCommandLineUserName"></variable>
            <variable name="SMSTSRunCommandLineUserPassword" property="SMSTSRunCommandLineUserPassword"></variable>
            <variable name="LoadProfile" property="LoadProfile">false</variable>
          </defaultVarList>
        </step>
      </group>
      <group name="Sysprep Only" disable="false" continueOnError="false" expand="false" description="">
        <condition>
          <expression type="SMS_TaskSequence_VariableConditionExpression">
            <variable name="Variable">DoCapture</variable>
            <variable name="Operator">equals</variable>
            <variable name="Value">SYSPREP</variable>
          </expression>
        </condition>
        <step name="Add mass storage drivers to sysprep.inf for XP and 2003" disable="false" continueOnError="false" successCodeList="0 3010" description="" startIn="">
          <action>cscript.exe "%SCRIPTROOT%\ZTIDrivers.wsf"</action>
          <defaultVarList>
            <variable name="RunAsUser" property="RunAsUser">false</variable>
            <variable name="SMSTSRunCommandLineUserName" property="SMSTSRunCommandLineUserName"></variable>
            <variable name="SMSTSRunCommandLineUserPassword" property="SMSTSRunCommandLineUserPassword"></variable>
            <variable name="LoadProfile" property="LoadProfile">false</variable>
          </defaultVarList>
        </step>
        <step name="Execute Sysprep" disable="false" continueOnError="false" successCodeList="0 3010" description="" startIn="">
          <action>cscript.exe "%SCRIPTROOT%\LTISysprep.wsf"</action>
          <defaultVarList>
            <variable name="RunAsUser" property="RunAsUser">false</variable>
            <variable name="SMSTSRunCommandLineUserName" property="SMSTSRunCommandLineUserName"></variable>
            <variable name="SMSTSRunCommandLineUserPassword" property="SMSTSRunCommandLineUserPassword"></variable>
            <variable name="LoadProfile" property="LoadProfile">false</variable>
          </defaultVarList>
        </step>
      </group>
      <group name="Capture Image" disable="false" continueOnError="false" expand="false" description="">
        <condition>
          <expression type="SMS_TaskSequence_VariableConditionExpression">
            <variable name="Variable">DoCapture</variable>
            <variable name="Operator">equals</variable>
            <variable name="Value">YES</variable>
          </expression>
        </condition>
        <step name="Apply Windows PE" disable="false" continueOnError="false" successCodeList="0 3010" description="" startIn="">
          <action>cscript.exe "%SCRIPTROOT%\LTIApply.wsf" /PE /STAGE</action>
          <defaultVarList>
            <variable name="RunAsUser" property="RunAsUser">false</variable>
            <variable name="SMSTSRunCommandLineUserName" property="SMSTSRunCommandLineUserName"></variable>
            <variable name="SMSTSRunCommandLineUserPassword" property="SMSTSRunCommandLineUserPassword"></variable>
            <variable name="LoadProfile" property="LoadProfile">false</variable>
          </defaultVarList>
        </step>
        <step name="Add mass storage drivers to sysprep.inf for XP and 2003" disable="false" continueOnError="false" successCodeList="0 3010" description="" startIn="">
          <action>cscript.exe "%SCRIPTROOT%\ZTIDrivers.wsf"</action>
          <defaultVarList>
            <variable name="RunAsUser" property="RunAsUser">false</variable>
            <variable name="SMSTSRunCommandLineUserName" property="SMSTSRunCommandLineUserName"></variable>
            <variable name="SMSTSRunCommandLineUserPassword" property="SMSTSRunCommandLineUserPassword"></variable>
            <variable name="LoadProfile" property="LoadProfile">false</variable>
          </defaultVarList>
        </step>
        <step name="Execute Sysprep" disable="false" continueOnError="false" successCodeList="0 3010" description="" startIn="">
          <action>cscript.exe "%SCRIPTROOT%\LTISysprep.wsf"</action>
          <defaultVarList>
            <variable name="RunAsUser" property="RunAsUser">false</variable>
            <variable name="SMSTSRunCommandLineUserName" property="SMSTSRunCommandLineUserName"></variable>
            <variable name="SMSTSRunCommandLineUserPassword" property="SMSTSRunCommandLineUserPassword"></variable>
            <variable name="LoadProfile" property="LoadProfile">false</variable>
          </defaultVarList>
        </step>
        <step name="Apply Windows PE (BCD)" disable="false" continueOnError="false" successCodeList="0 3010" description="" startIn="">
          <action>cscript.exe "%_SMSTSMDataPath%\Scripts\LTIApply.wsf" /PE /BCD</action>
          <condition>
            <expression type="SMS_TaskSequence_VariableConditionExpression">
              <variable name="Variable">ImageBuild</variable>
              <variable name="Operator">greaterEqual</variable>
              <variable name="Value">6</variable>
            </expression>
          </condition>
          <defaultVarList>
            <variable name="RunAsUser" property="RunAsUser">false</variable>
            <variable name="SMSTSRunCommandLineUserName" property="SMSTSRunCommandLineUserName"></variable>
            <variable name="SMSTSRunCommandLineUserPassword" property="SMSTSRunCommandLineUserPassword"></variable>
            <variable name="LoadProfile" property="LoadProfile">false</variable>
          </defaultVarList>
        </step>
        <step type="SMS_TaskSequence_RebootAction" name="Restart computer" description="" disable="false" continueOnError="false" runIn="WinPEandFullOS" successCodeList="0 3010">
          <action>smsboot.exe /target:WinPE</action>
        </step>
        <step type="BDD_Gather" name="Gather local only" disable="false" continueOnError="false" successCodeList="0 3010" description="" startIn="">
          <defaultVarList>
            <variable name="GatherLocalOnly" property="GatherLocalOnly">true</variable>
            <variable name="RulesFile" property="RulesFile"></variable>
          </defaultVarList>
          <action>cscript.exe "%SCRIPTROOT%\ZTIGather.wsf"</action>
        </step>
        <step name="Create WIM" disable="false" continueOnError="false" successCodeList="0 3010" description="" startIn="">
          <action>cscript.exe "%SCRIPTROOT%\ZTIBackup.wsf"</action>
          <defaultVarList>
            <variable name="RunAsUser" property="RunAsUser">false</variable>
            <variable name="SMSTSRunCommandLineUserName" property="SMSTSRunCommandLineUserName"></variable>
            <variable name="SMSTSRunCommandLineUserPassword" property="SMSTSRunCommandLineUserPassword"></variable>
            <variable name="LoadProfile" property="LoadProfile">false</variable>
          </defaultVarList>
        </step>
      </group>
    </group>
    <step name="Restore Groups" disable="false" continueOnError="false" successCodeList="0 3010" description="" startIn="">
      <action>cscript.exe "%SCRIPTROOT%\ZTIGroups.wsf" /restore</action>
      <condition>
        <operator type="and">
          <expression type="SMS_TaskSequence_VariableConditionExpression">
            <variable name="Variable">DoCapture</variable>
            <variable name="Operator">notEquals</variable>
            <variable name="Value">YES</variable>
          </expression>
          <expression type="SMS_TaskSequence_VariableConditionExpression">
            <variable name="Variable">DoCapture</variable>
            <variable name="Operator">notEquals</variable>
            <variable name="Value">PREPARE</variable>
          </expression>
          <expression type="SMS_TaskSequence_VariableConditionExpression">
            <variable name="Variable">DoCapture</variable>
            <variable name="Operator">notEquals</variable>
            <variable name="Value">SYSPREP</variable>
          </expression>
        </operator>
      </condition>
      <defaultVarList>
        <variable name="RunAsUser" property="RunAsUser">false</variable>
        <variable name="SMSTSRunCommandLineUserName" property="SMSTSRunCommandLineUserName"></variable>
        <variable name="SMSTSRunCommandLineUserPassword" property="SMSTSRunCommandLineUserPassword"></variable>
        <variable name="LoadProfile" property="LoadProfile">false</variable>
      </defaultVarList>
    </step>
  </group>
</sequence>