<?xml version="1.0" encoding="utf-8"?>
<unattend xmlns="urn:schemas-microsoft-com:unattend">
    <servicing>
        <package action="configure" permanence="removable">
            <assemblyIdentity name="Microsoft-Windows-Foundation-Package" version="6.1.7601.17514" processorArchitecture="amd64" publicKeyToken="31bf3856ad364e35" language="" />
            <selection name="AppServer" state="true" />
            <selection name="AppServer-UI" state="true" />
            <selection name="Printing-XPSServices-Features" state="true" />
            <selection name="Internet-Explorer-Optional-amd64" state="true" />
            <selection name="DesktopExperience" state="true" />
            <selection name="InkSupport" state="true" />
            <selection name="NetFx3" state="true" />
        </package>
    </servicing>
    <settings pass="windowsPE">
        <component name="Microsoft-Windows-Setup" processorArchitecture="amd64" publicKeyToken="31bf3856ad364e35" language="neutral" versionScope="nonSxS" xmlns:wcm="http://schemas.microsoft.com/WMIConfig/2002/State">
            <ImageInstall>
                <OSImage>
                    <WillShowUI>OnError</WillShowUI>
                    <InstallTo>
                        <DiskID>0</DiskID>
                        <PartitionID>1</PartitionID>
                    </InstallTo>
                    <InstallFrom>
                        <Path>.\Operating Systems\Windows Server 2008 R2 x64 VL\Sources\install.wim</Path>
                        <MetaData>
                            <Key>/IMAGE/INDEX</Key>
                            <Value>1</Value>
                        </MetaData>
                    </InstallFrom>
                </OSImage>
            </ImageInstall>
            <Display>
                <ColorDepth>16</ColorDepth>
                <HorizontalResolution>1024</HorizontalResolution>
                <RefreshRate>60</RefreshRate>
                <VerticalResolution>768</VerticalResolution>
            </Display>
            <ComplianceCheck>
                <DisplayReport>OnError</DisplayReport>
            </ComplianceCheck>
            <UserData>
                <AcceptEula>true</AcceptEula>
                <ProductKey>
                    <Key></Key>
                </ProductKey>
            </UserData>
        </component>
        <component name="Microsoft-Windows-International-Core-WinPE" processorArchitecture="amd64" publicKeyToken="31bf3856ad364e35" language="neutral" versionScope="nonSxS" xmlns:wcm="http://schemas.microsoft.com/WMIConfig/2002/State" xmlns:xsi="http://www.w3.org/2001/XMLSchema-instance">
            <SetupUILanguage>
                <UILanguage>en-US</UILanguage>
            </SetupUILanguage>
            <InputLocale>0409:00000409</InputLocale>
            <SystemLocale>en-US</SystemLocale>
            <UILanguage>en-US</UILanguage>
            <UserLocale>en-US</UserLocale>
        </component>
    </settings>
    <settings pass="generalize">
        <component name="Microsoft-Windows-Shell-Setup" processorArchitecture="amd64" publicKeyToken="31bf3856ad364e35" language="neutral" versionScope="nonSxS" xmlns:wcm="http://schemas.microsoft.com/WMIConfig/2002/State" xmlns:xsi="http://www.w3.org/2001/XMLSchema-instance">
            <DoNotCleanTaskBar>true</DoNotCleanTaskBar>
        </component>
    </settings>
    <settings pass="specialize">
        <component name="Microsoft-Windows-UnattendedJoin" processorArchitecture="amd64" publicKeyToken="31bf3856ad364e35" language="neutral" versionScope="nonSxS" xmlns:wcm="http://schemas.microsoft.com/WMIConfig/2002/State">
            <Identification>
                <Credentials>
                    <Username></Username>
                    <Domain></Domain>
                    <Password></Password>
                </Credentials>
                <JoinDomain></JoinDomain>
                <JoinWorkgroup></JoinWorkgroup>
                <MachineObjectOU></MachineObjectOU>
            </Identification>
        </component>
        <component name="Microsoft-Windows-Shell-Setup" processorArchitecture="amd64" publicKeyToken="31bf3856ad364e35" language="neutral" versionScope="nonSxS" xmlns:wcm="http://schemas.microsoft.com/WMIConfig/2002/State">
            <ComputerName></ComputerName>
            <ProductKey></ProductKey>
            <RegisteredOrganization>Automation Demo</RegisteredOrganization>
            <RegisteredOwner>Automation Demo</RegisteredOwner>
            <DoNotCleanTaskBar>true</DoNotCleanTaskBar>
            <TimeZone>GMT Standard Time</TimeZone>
        </component>
        <component name="Microsoft-Windows-IE-InternetExplorer" processorArchitecture="amd64" publicKeyToken="31bf3856ad364e35" language="neutral" versionScope="nonSxS" xmlns:wcm="http://schemas.microsoft.com/WMIConfig/2002/State" xmlns:xsi="http://www.w3.org/2001/XMLSchema-instance">
            <Home_Page>about:tabs</Home_Page>
            <DisableFirstRunWizard>true</DisableFirstRunWizard>
            <EnableLinksBar>false</EnableLinksBar>
            <LockToolbars>true</LockToolbars>
            <DisableOOBAccelerators>true</DisableOOBAccelerators>
        </component>
        <component name="Microsoft-Windows-Deployment" processorArchitecture="amd64" publicKeyToken="31bf3856ad364e35" language="neutral" versionScope="nonSxS" xmlns:wcm="http://schemas.microsoft.com/WMIConfig/2002/State" xmlns:xsi="http://www.w3.org/2001/XMLSchema-instance">
            <RunSynchronous>
                <RunSynchronousCommand wcm:action="add">
                    <Description>EnableAdmin</Description>
                    <Order>1</Order>
                    <Path>cmd /c net user Administrator /active:yes</Path>
                </RunSynchronousCommand>
                <RunSynchronousCommand wcm:action="add">
                    <Description>UnfilterAdministratorToken</Description>
                    <Order>2</Order>
                    <Path>cmd /c reg add HKLM\SOFTWARE\Microsoft\Windows\CurrentVersion\Policies\System /v FilterAdministratorToken /t REG_DWORD /d 0 /f</Path>
                </RunSynchronousCommand>
            </RunSynchronous>
        </component>
        <component name="Microsoft-Windows-International-Core" processorArchitecture="amd64" publicKeyToken="31bf3856ad364e35" language="neutral" versionScope="nonSxS" xmlns:wcm="http://schemas.microsoft.com/WMIConfig/2002/State" xmlns:xsi="http://www.w3.org/2001/XMLSchema-instance">
            <InputLocale>0809:00000809</InputLocale>
            <SystemLocale>en-GB</SystemLocale>
            <UILanguage>en-US</UILanguage>
            <UserLocale>en-GB</UserLocale>
        </component>
        <component name="Microsoft-Windows-ErrorReportingCore" processorArchitecture="amd64" publicKeyToken="31bf3856ad364e35" language="neutral" versionScope="nonSxS" xmlns:wcm="http://schemas.microsoft.com/WMIConfig/2002/State" xmlns:xsi="http://www.w3.org/2001/XMLSchema-instance">
            <DisableWER>1</DisableWER>
        </component>
        <component name="Microsoft-Windows-IE-ESC" processorArchitecture="amd64" publicKeyToken="31bf3856ad364e35" language="neutral" versionScope="nonSxS" xmlns:wcm="http://schemas.microsoft.com/WMIConfig/2002/State" xmlns:xsi="http://www.w3.org/2001/XMLSchema-instance">
            <IEHardenAdmin>false</IEHardenAdmin>
            <IEHardenUser>false</IEHardenUser>
        </component>
        <component name="Microsoft-Windows-OutOfBoxExperience" processorArchitecture="amd64" publicKeyToken="31bf3856ad364e35" language="neutral" versionScope="nonSxS" xmlns:wcm="http://schemas.microsoft.com/WMIConfig/2002/State" xmlns:xsi="http://www.w3.org/2001/XMLSchema-instance">
            <DoNotOpenInitialConfigurationTasksAtLogon>true</DoNotOpenInitialConfigurationTasksAtLogon>
        </component>
        <component name="Microsoft-Windows-ServerManager-SvrMgrNc" processorArchitecture="amd64" publicKeyToken="31bf3856ad364e35" language="neutral" versionScope="nonSxS" xmlns:wcm="http://schemas.microsoft.com/WMIConfig/2002/State" xmlns:xsi="http://www.w3.org/2001/XMLSchema-instance">
            <DoNotOpenServerManagerAtLogon>true</DoNotOpenServerManagerAtLogon>
        </component>
        <component name="Microsoft-Windows-TerminalServices-LocalSessionManager" processorArchitecture="amd64" publicKeyToken="31bf3856ad364e35" language="neutral" versionScope="nonSxS" xmlns:wcm="http://schemas.microsoft.com/WMIConfig/2002/State" xmlns:xsi="http://www.w3.org/2001/XMLSchema-instance">
            <fDenyTSConnections>false</fDenyTSConnections>
        </component>
    </settings>
    <settings pass="oobeSystem">
        <component name="Microsoft-Windows-Shell-Setup" processorArchitecture="amd64" publicKeyToken="31bf3856ad364e35" language="neutral" versionScope="nonSxS" xmlns:wcm="http://schemas.microsoft.com/WMIConfig/2002/State">
            <UserAccounts>
                <AdministratorPassword>
                    <Value>ZAAzAG0AMABfAGwAYQBiAEEAZABtAGkAbgBpAHMAdAByAGEAdABvAHIAUABhAHMAcwB3AG8AcgBkAA==</Value>
                    <PlainText>false</PlainText>
                </AdministratorPassword>
                <LocalAccounts>
                    <LocalAccount wcm:action="add">
                        <Description>Temp account</Description>
                        <DisplayName>Temp account</DisplayName>
                        <Group>Users</Group>
                        <Name>TempAccount</Name>
                    </LocalAccount>
                </LocalAccounts>
            </UserAccounts>
            <AutoLogon>
                <Enabled>true</Enabled>
                <Username>Administrator</Username>
                <Domain>.</Domain>
                <Password>
                    <Value>ZAAzAG0AMABfAGwAYQBiAFAAYQBzAHMAdwBvAHIAZAA=</Value>
                    <PlainText>false</PlainText>
                </Password>
                <LogonCount>999</LogonCount>
            </AutoLogon>
            <Display>
                <ColorDepth>32</ColorDepth>
                <HorizontalResolution>1024</HorizontalResolution>
                <RefreshRate>60</RefreshRate>
                <VerticalResolution>768</VerticalResolution>
            </Display>
            <FirstLogonCommands>
                <SynchronousCommand wcm:action="add">
                    <CommandLine>wscript.exe %SystemDrive%\LTIBootstrap.vbs</CommandLine>
                    <Description>Lite Touch new OS</Description>
                    <Order>1</Order>
                </SynchronousCommand>
            </FirstLogonCommands>
            <OOBE>
                <HideEULAPage>true</HideEULAPage>
                <NetworkLocation>Work</NetworkLocation>
                <ProtectYourPC>1</ProtectYourPC>
            </OOBE>
            <RegisteredOrganization>Automation Demo</RegisteredOrganization>
            <RegisteredOwner>Automation Demo</RegisteredOwner>
            <TimeZone>GMT Standard Time</TimeZone>
        </component>
        <component name="Microsoft-Windows-International-Core" processorArchitecture="amd64" publicKeyToken="31bf3856ad364e35" language="neutral" versionScope="nonSxS" xmlns:wcm="http://schemas.microsoft.com/WMIConfig/2002/State" xmlns:xsi="http://www.w3.org/2001/XMLSchema-instance">
            <InputLocale>0809:00000809</InputLocale>
            <SystemLocale>en-GB</SystemLocale>
            <UILanguage>en-US</UILanguage>
            <UserLocale>en-GB</UserLocale>
        </component>
    </settings>
    <settings pass="offlineServicing">
        <component name="Microsoft-Windows-PnpCustomizationsNonWinPE" processorArchitecture="amd64" publicKeyToken="31bf3856ad364e35" language="neutral" versionScope="nonSxS" xmlns:wcm="http://schemas.microsoft.com/WMIConfig/2002/State" xmlns:xsi="http://www.w3.org/2001/XMLSchema-instance">
            <DriverPaths>
                <PathAndCredentials wcm:keyValue="1" wcm:action="add">
                    <Path>\Drivers</Path>
                </PathAndCredentials>
            </DriverPaths>
        </component>
    </settings>
    <cpi:offlineImage cpi:source="catalog://mdt1/automata$/operating systems/windows server 2008 r2/sources/install_windows server 2008 r2 serverstandard.clg" xmlns:cpi="urn:schemas-microsoft-com:cpi" />
</unattend>
